,start_time,end_time
start_time,1.0,0.8418288487931062
end_time,0.8418288487931062,1.0
